Emp ID,First Name,Last Name,DOB ,SSN,State
572,Aaron,James,03/25/1974,***-**-4596,OR
633,Aaron,Wolf,04/09/1978,***-**-1149,WY
379,Adam,Harrell,10/18/1981,***-**-0742,WV
313,Adam,Thomas,12/30/1982,***-**-1297,VA
586,Adrian,Hernandez,09/08/1993,***-**-5101,NE
166,Adrian,Rivera,02/13/1973,***-**-5638,MA
62,Adriana,Wolf,10/17/1994,***-**-1702,OR
296,Alan,Holden,11/06/1994,***-**-6916,PA
425,Albert,Davidson,01/20/1975,***-**-9182,CA
77,Alex,Owen,10/07/1987,***-**-9252,AL
387,Alexander,Gibson,10/27/1983,***-**-1036,CO
143,Alexander,Murphy,05/05/1984,***-**-0664,UT
552,Alexander,Vaughan,08/22/1988,***-**-8562,MI
651,Alexander,Wright,04/18/1979,***-**-7263,MN
301,Alexandra,Bradley,06/13/1980,***-**-9390,AL
613,Alexandra,Thomas,01/12/1994,***-**-6760,SD
551,Alexandria,Baker,11/02/1974,***-**-3200,NV
474,Alexis,Cross,08/11/1983,***-**-3694,MN
373,Alicia,Carney,09/10/1989,***-**-9437,OH
173,Alisha,Pacheco,01/13/1982,***-**-2496,MI
643,Allen,Flynn,07/25/1994,***-**-7573,NH
60,Allen,Leon,04/06/1975,***-**-9089,MI
96,Allison,Diaz,03/25/1994,***-**-8927,AR
562,Allison,Garcia,02/08/1983,***-**-0105,LA
516,Alyssa,Stokes,04/01/1973,***-**-2432,OH
326,Amanda,Clark,07/23/1991,***-**-5043,MN
120,Amanda,Dodson,03/04/1973,***-**-6056,KS
256,Amanda,Douglas,01/08/1990,***-**-6961,ID
140,Amanda,Franco,09/24/1994,***-**-5413,AK
401,Amanda,Haney,04/11/1983,***-**-9019,IA
493,Amanda,Jones,07/31/1993,***-**-0691,MN
317,Amanda,Krause,11/06/1977,***-**-4744,IL
217,Amanda,Lewis,12/05/1988,***-**-0504,MT
631,Amanda,Pearson,08/15/1979,***-**-9832,TN
489,Amanda,Smith,08/05/1989,***-**-3579,DE
88,Amanda,Wilson,05/23/1972,***-**-0767,NE
568,Amber,West,01/19/1978,***-**-7363,ND
158,Amy,Ford,06/05/1974,***-**-6461,NC
426,Amy,Griffin,02/18/1973,***-**-1946,MA
2,Amy,Long,07/19/1982,***-**-7292,FL
123,Amy,Sherman,08/04/1973,***-**-6029,NJ
252,Amy,Waller,10/01/1980,***-**-8763,MA
204,Amy,Wright,10/15/1991,***-**-8641,CA
1,Andrea,Anderson,11/12/1984,***-**-5650,CT
437,Andrea,Montgomery,12/03/1991,***-**-6315,OH
35,Andrea,Perry,02/01/1986,***-**-8897,CO
457,Andrea,Potter,12/26/1983,***-**-6384,NH
89,Andrea,Webb,12/11/1985,***-**-7815,VA
445,Andrea,Wright,06/15/1978,***-**-8386,OH
509,Andrew,Hogan,06/08/1990,***-**-5943,ND
327,Andrew,Lawson,04/05/1982,***-**-7313,MT
617,Andrew,Love,05/27/1991,***-**-9696,OH
356,Andrew,Moore,01/03/1982,***-**-5178,ID
185,Angela,Armstrong,03/22/1990,***-**-2446,NY
289,Angela,Clark,04/20/1988,***-**-3392,MN
453,Ann,Johnson,06/01/1981,***-**-9046,NE
303,Ann,Lewis,01/14/1976,***-**-0619,MT
195,Ann,Romero,10/27/1989,***-**-4046,DE
515,Anna,Bennett,06/20/1977,***-**-6909,TN
528,Anna,Matthews,02/09/1991,***-**-4474,TN
616,Anne,Rios,11/26/1974,***-**-6513,HI
39,Annette,Flores,04/19/1977,***-**-3196,NE
397,Anthony,Christensen,05/13/1983,***-**-8703,OH
652,Anthony,Delgado,09/19/1994,***-**-7837,FL
10,Anthony,Nguyen,10/09/1986,***-**-8472,WI
537,Anthony,Richmond,10/05/1989,***-**-8935,AR
526,Anthony,Rodriguez,02/09/1983,***-**-3865,ID
104,Antonio,Perez,02/09/1980,***-**-4115,NC
149,April,Barnes,02/15/1983,***-**-3288,RI
624,Ariel,Ray,09/11/1972,***-**-2732,OR
138,Ashley,Bullock,07/23/1983,***-**-5394,MS
604,Ashley,Harris,08/09/1993,***-**-7070,IL
505,Ashley,Hutchinson,04/26/1994,***-**-1510,SC
279,Ashley,Patrick,06/07/1974,***-**-0763,WY
432,Ashley,Sherman,10/01/1984,***-**-1501,NE
169,Ashley,Smith,07/16/1983,***-**-8720,TX
346,Austin,Gutierrez,06/25/1979,***-**-0203,VT
416,Barbara,Lambert,09/07/1979,***-**-5353,ID
563,Barbara,Murphy,10/30/1989,***-**-9225,AR
446,Benjamin,King,05/07/1973,***-**-8165,RI
464,Beth,Harris,12/22/1982,***-**-5871,RI
160,Beth,Lynch,02/13/1984,***-**-0814,AK
159,Beverly,Jordan,08/15/1986,***-**-3762,NM
597,Blake,Jimenez,09/10/1977,***-**-3810,KS
466,Bonnie,Bowen,11/07/1993,***-**-5889,ID
585,Bonnie,Turner,04/01/1973,***-**-0208,MD
16,Bradley,Guzman,05/08/1980,***-**-2817,WY
480,Brandi,Sawyer,07/13/1979,***-**-9334,RI
598,Brandi,Williams,10/15/1989,***-**-8500,MD
238,Brandon,Chang,05/14/1984,***-**-6687,AL
280,Brandon,Davis,07/22/1977,***-**-1621,AZ
13,Brandon,Farmer,08/10/1980,***-**-2601,TX
590,Brenda,James,12/31/1977,***-**-3251,HI
81,Brendan,Gonzalez,08/02/1991,***-**-9993,SC
541,Brent,Miller,01/14/1978,***-**-9692,HI
640,Brett,Nelson,06/20/1986,***-**-3049,MD
637,Brett,Ward,09/27/1979,***-**-0204,MN
542,Brian,Bridges,02/22/1976,***-**-4546,MN
558,Brian,Davila,07/05/1982,***-**-3711,DE
262,Brian,Jackson,12/21/1985,***-**-9597,PA
601,Brian,Lopez,02/13/1990,***-**-7558,DE
199,Brian,Mclaughlin,09/21/1987,***-**-2876,PA
278,Brian,Peters,05/07/1982,***-**-3701,HI
225,Brian,Williams,01/12/1986,***-**-5701,MT
436,Briana,Webster,02/08/1978,***-**-3704,PA
495,Bridget,Koch,02/23/1973,***-**-9714,WY
470,Brooke,Bishop,12/18/1980,***-**-4107,CA
101,Brooke,Jones,04/09/1979,***-**-2606,TN
216,Bruce,Miles,01/21/1982,***-**-0969,IA
452,Bryan,Jackson,09/08/1982,***-**-8117,MD
388,Cameron,Allen,01/02/1986,***-**-8341,ID
235,Cameron,Mcintosh,02/01/1975,***-**-8921,NV
408,Carla,Torres,02/23/1987,***-**-7599,CT
332,Carol,Dyer,03/12/1989,***-**-5545,HI
498,Caroline,Jackson,12/29/1983,***-**-4102,DE
242,Caroline,Larson,05/05/1990,***-**-7178,LA
339,Caroline,Lopez,08/09/1981,***-**-1325,OK
211,Caroline,Mayer,05/03/1973,***-**-2487,WY
366,Caroline,Wyatt,11/12/1979,***-**-7063,NY
451,Carrie,Barber,11/09/1977,***-**-3083,LA
560,Carrie,Davis,06/20/1984,***-**-6558,WA
203,Catherine,Martinez,04/28/1990,***-**-6917,NM
119,Chad,Wise,11/10/1988,***-**-1355,CO
639,Charlene,Jackson,10/28/1989,***-**-8809,WY
399,Charles,Greene,11/28/1992,***-**-2935,KY
125,Charles,Hall,09/15/1982,***-**-7617,PA
393,Charles,Kelley,04/14/1993,***-**-1133,OK
243,Charles,Stout,12/05/1976,***-**-1997,KS
293,Charles,Wheeler,02/11/1972,***-**-5781,CA
523,Chelsea,Foster,03/26/1974,***-**-4094,AK
25,Chelsea,Rivera,06/21/1987,***-**-0140,NH
439,Cheryl,Bailey,10/31/1991,***-**-1224,NC
205,Cheryl,Dennis,06/16/1986,***-**-0712,TX
141,Christina,Arnold,10/20/1979,***-**-2313,NY
419,Christina,Weeks,10/15/1972,***-**-2028,PA
376,Christine,Munoz,11/17/1974,***-**-0149,MO
485,Christine,Stone,11/07/1978,***-**-6503,KS
80,Christine,Williams,08/15/1974,***-**-1974,MN
314,Christopher,Anderson,07/01/1974,***-**-1835,NC
312,Christopher,Dougherty,03/29/1978,***-**-0986,AL
86,Christopher,Greene,05/29/1972,***-**-8446,ID
395,Christopher,Guerrero,01/29/1983,***-**-4036,WY
413,Christopher,Martinez,12/28/1978,***-**-8774,CT
648,Christopher,Smith,11/23/1976,***-**-2521,WI
342,Christopher,Young,12/02/1988,***-**-1343,NE
381,Claudia,Oneal,04/01/1987,***-**-9008,TX
524,Cody,Duran,01/15/1973,***-**-6706,NM
264,Cody,Taylor,11/13/1978,***-**-3700,SD
309,Cole,Farrell,01/29/1993,***-**-7973,IN
614,Colleen,Beasley,08/12/1977,***-**-3286,MA
300,Corey,Adams,10/08/1988,***-**-2578,OR
42,Cory,Hopkins,03/13/1977,***-**-9491,AK
71,Craig,Garcia,08/18/1994,***-**-3695,PA
539,Craig,Nunez,06/13/1972,***-**-6566,DE
525,Crystal,Martin,08/29/1993,***-**-0679,ME
17,Crystal,Myers,12/31/1980,***-**-6532,OH
338,Cynthia,Bennett,11/26/1973,***-**-7899,MD
110,Cynthia,Price,10/15/1991,***-**-6184,SD
450,Cynthia,Williams,12/23/1978,***-**-5994,NY
12,Dakota,Harrington,08/24/1972,***-**-7188,VA
254,Dale,Hartman,10/01/1993,***-**-9502,ME
72,Daniel,Boyd,07/18/1978,***-**-1220,NY
411,Daniel,Brown,04/19/1984,***-**-6526,NM
137,Daniel,Garcia,04/21/1979,***-**-3001,WI
284,Daniel,Hernandez,07/22/1976,***-**-7473,CO
499,Daniel,Lopez,09/07/1989,***-**-2639,AR
469,Daniel,Mccall,07/12/1987,***-**-5314,NE
389,Daniel,Patrick,10/15/1972,***-**-8777,GA
192,Daniel,Singh,12/25/1980,***-**-7521,VA
251,Daniel,Waller,04/23/1974,***-**-0011,KY
6,Daniel,Welch,08/08/1982,***-**-6950,IL
11,Daniel,Wells,08/27/1994,***-**-7268,CA
587,Daniel,Williams,11/17/1989,***-**-9146,NH
355,Daniel,Wright,12/31/1989,***-**-3803,FL
535,Danielle,House,04/16/1975,***-**-9308,ME
438,Danielle,Kaiser,08/21/1975,***-**-9764,AL
512,Danny,Pena,01/31/1978,***-**-9878,MN
91,Darlene,Harmon,05/05/1980,***-**-3052,WV
234,Darrell,Coleman,08/24/1992,***-**-4198,WI
348,Darren,Farrell,05/24/1991,***-**-5885,CA
566,David,Arroyo,04/16/1975,***-**-9403,FL
483,David,Cervantes,01/08/1983,***-**-0082,WA
417,David,Evans,09/15/1977,***-**-6773,WA
20,David,Foster,01/09/1990,***-**-6956,MO
344,David,Jacobs,02/28/1982,***-**-3682,FL
607,David,Johnson,06/23/1985,***-**-9729,DE
473,David,Le,08/31/1976,***-**-5444,MI
385,David,Lowery,10/21/1987,***-**-7963,UT
131,David,Mcclain,08/02/1976,***-**-5430,OH
244,David,Miles,11/26/1993,***-**-2657,MI
589,David,Patton,11/19/1978,***-**-9705,PA
150,David,Pearson,06/14/1982,***-**-1781,AL
462,David,Peterson,06/27/1973,***-**-7312,LA
364,David,Turner,02/13/1973,***-**-7108,IL
646,David,Weaver,08/11/1976,***-**-2750,ME
392,David,Williams,07/07/1990,***-**-6350,MA
481,Dawn,Galvan,09/03/1989,***-**-8058,TN
340,Dawn,Malone,04/19/1979,***-**-2070,TN
635,Deanna,Russell,07/29/1972,***-**-9236,MD
129,Deanna,Terrell,02/05/1990,***-**-5743,OK
315,Debra,Best,02/20/1973,***-**-3320,ND
548,Debra,Green,07/20/1988,***-**-5376,SC
329,Denise,Baldwin,04/06/1992,***-**-7350,AL
172,Denise,Castillo,10/10/1983,***-**-0042,LA
23,Denise,George,09/07/1990,***-**-4879,WI
350,Dennis,Alvarado,11/27/1973,***-**-4378,MT
443,Dennis,Osborn,11/15/1973,***-**-3531,MA
335,Dennis,Thomas,06/11/1989,***-**-5032,IN
134,Derek,Harrington,09/15/1990,***-**-2836,AR
92,Derek,Obrien,06/29/1990,***-**-6123,NH
430,Derrick,Fritz,12/05/1982,***-**-0071,IA
98,Desiree,Ross,07/07/1981,***-**-2608,MS
383,Diana,Meyers,09/13/1972,***-**-4296,TN
190,Diana,Smith,12/02/1973,***-**-3506,IL
177,Diana,Spence,09/20/1983,***-**-4751,MA
198,Dillon,Nguyen,05/26/1978,***-**-4552,IL
501,Donald,Carter,07/16/1983,***-**-5922,HI
260,Donna,Campbell,07/14/1993,***-**-2369,NV
180,Donna,Howard,12/16/1978,***-**-3416,CA
70,Donna,Howard,03/31/1990,***-**-7432,MS
18,Donna,Lopez,02/22/1985,***-**-5711,DE
4,Donna,Owens,09/26/1987,***-**-6696,AL
168,Donna,Rose,04/20/1989,***-**-1960,TN
575,Drew,Kelly,03/25/1993,***-**-3264,WA
272,Duane,Williams,10/14/1973,***-**-8818,NV
200,Dustin,Drake,09/17/1993,***-**-5454,WV
458,Dustin,Nichols,06/07/1977,***-**-9015,NE
599,Edward,Padilla,10/09/1993,***-**-5222,PA
183,Edward,Thompson,08/31/1994,***-**-8605,OH
431,Edwin,Martin,02/13/1988,***-**-9168,MO
255,Elizabeth,Avila,03/15/1977,***-**-8453,NH
460,Elizabeth,Bailey,07/15/1979,***-**-7230,MI
629,Elizabeth,Howard,11/05/1984,***-**-2641,AZ
266,Elizabeth,Lynn,02/25/1992,***-**-8647,MA
343,Elizabeth,Olson,01/22/1976,***-**-7163,MA
30,Emily,Diaz,12/04/1986,***-**-9174,AK
404,Emily,Lawrence,11/24/1991,***-**-1991,TN
611,Emily,Mcgrath,11/10/1973,***-**-7640,CO
253,Eric,Harper,11/12/1986,***-**-2860,NV
368,Erica,Johnson,05/27/1978,***-**-9413,LA
476,Erica,Mcconnell,07/01/1981,***-**-0878,MA
363,Evan,Romero,08/25/1994,***-**-3334,NM
503,Frank,Barton,06/10/1993,***-**-5568,MA
237,Gabriela,Nguyen,12/17/1981,***-**-3729,WA
579,Garrett,Carter,09/26/1988,***-**-7246,CA
126,Gary,Knight,03/08/1994,***-**-1242,AR
391,George,Mckinney,02/04/1984,***-**-7748,UT
620,Gina,Hoffman,03/20/1990,***-**-4213,UT
64,Gregory,Estes,10/04/1989,***-**-9235,KS
456,Gregory,Jackson,06/06/1973,***-**-0058,WY
5,Gregory,Moore,02/10/1982,***-**-6226,MA
577,Gregory,Roberts,01/27/1986,***-**-4496,IN
477,Gregory,Simpson,07/09/1990,***-**-9365,CO
67,Hailey,Boyd,11/17/1980,***-**-0270,NY
176,Hailey,Lynn,03/25/1973,***-**-9488,CA
298,Haley,Myers,03/20/1985,***-**-0757,MD
433,Hannah,Miller,10/18/1973,***-**-4657,NY
362,Hannah,Nolan,09/15/1978,***-**-1332,OK
316,Harold,Li,05/11/1983,***-**-2966,GA
189,Heather,Andrews,08/11/1976,***-**-1797,VT
497,Heather,Farrell,01/11/1978,***-**-0338,MA
48,Heather,Robinson,11/20/1985,***-**-1929,MN
494,Heather,Scott,08/20/1982,***-**-0361,NH
429,Howard,Lawson,04/13/1984,***-**-7664,MI
22,Isaac,Jordan,05/06/1986,***-**-0520,TX
507,Isaac,Woods,03/20/1984,***-**-6227,AK
351,Jacob,Thomas,03/31/1976,***-**-8896,MS
63,Jacqueline,Garcia,01/31/1991,***-**-8953,NC
569,James,King,04/21/1978,***-**-1432,AK
285,James,Mclaughlin,01/21/1981,***-**-1088,NC
215,James,Reeves,01/31/1988,***-**-1620,IN
400,James,Rios,03/04/1978,***-**-3987,ID
543,James,Torres,01/19/1986,***-**-5026,DE
32,James,Wilson,07/23/1977,***-**-7343,OR
209,James,Young,04/12/1980,***-**-8557,ME
519,Jane,Martinez,01/30/1991,***-**-3977,AZ
626,Janice,Young,07/07/1988,***-**-4863,WA
606,Jasmine,Kelly,06/30/1979,***-**-3251,MN
522,Jason,Shaw,11/01/1985,***-**-4765,KY
224,Jay,Brown,04/24/1980,***-**-8736,TX
207,Jay,Smith,03/06/1985,***-**-6315,CT
75,Jeff,Hawkins,08/10/1992,***-**-5606,IL
95,Jeffery,Burnett,07/28/1984,***-**-4493,KS
334,Jeffery,Reed,07/19/1985,***-**-6338,NJ
29,Jeffrey,Clark,06/28/1978,***-**-0316,MO
274,Jeffrey,Harris,05/25/1994,***-**-4763,KY
571,Jeffrey,Jones,06/27/1981,***-**-1822,SD
175,Jennifer,Arnold,10/18/1976,***-**-4368,AL
354,Jennifer,Avery,08/08/1987,***-**-5062,LA
448,Jennifer,Brown,08/23/1977,***-**-0700,MA
170,Jennifer,Crawford,07/21/1986,***-**-5861,FL
500,Jennifer,Fischer,11/19/1983,***-**-5609,UT
174,Jennifer,Jensen,03/09/1991,***-**-4293,GA
521,Jennifer,Johnson,02/17/1978,***-**-3102,OK
574,Jennifer,Kim,10/03/1976,***-**-9504,MN
622,Jennifer,Porter,01/20/1991,***-**-5572,WI
245,Jennifer,Rodriguez,04/23/1974,***-**-2538,NM
3,Jennifer,Rowe,09/16/1980,***-**-9014,NY
532,Jennifer,Smith,01/31/1989,***-**-1748,GA
531,Jennifer,Williams,02/27/1977,***-**-9054,OK
132,Jeremy,Cross,11/22/1987,***-**-4632,HI
323,Jeremy,Obrien,01/13/1982,***-**-7592,OR
184,Jeremy,Warner,10/20/1987,***-**-1184,AL
230,Jermaine,Hill,09/11/1988,***-**-5479,NJ
610,Jermaine,Quinn,12/24/1989,***-**-1754,CA
463,Jerome,Brown,07/10/1992,***-**-9456,MD
311,Jessica,Elliott,06/04/1978,***-**-1632,OH
384,Jessica,Gaines,04/23/1981,***-**-9332,CO
322,Jessica,Sullivan,01/07/1990,***-**-2665,WY
428,Jessica,Thornton,01/03/1983,***-**-2381,KS
372,Jessica,Walsh,06/01/1976,***-**-2907,RI
358,Jillian,David,04/11/1973,***-**-4462,HI
608,Jimmy,Jones,02/19/1973,***-**-2030,MA
287,Joanna,Hopkins,04/17/1973,***-**-2714,MA
233,John,Anderson,05/30/1973,***-**-6681,NY
638,John,Anderson,01/07/1983,***-**-7935,UT
167,John,Beck,07/27/1985,***-**-3635,AR
161,John,Cox,12/11/1985,***-**-7739,OH
427,John,Garcia,04/14/1987,***-**-3993,TX
232,John,Mathews,02/24/1991,***-**-9165,ND
47,John,Mcmillan,03/02/1983,***-**-7301,NV
261,John,Mueller,03/22/1987,***-**-7849,MD
83,John,Myers,07/25/1989,***-**-1869,NJ
87,John,Paul,11/20/1973,***-**-7180,KY
424,John,Wells,05/25/1993,***-**-3026,NH
407,Jonathan,Gomez,06/05/1993,***-**-4727,SD
223,Jonathan,Hall,07/01/1978,***-**-6672,NE
37,Jonathan,Jones,01/13/1977,***-**-7798,MN
506,Jonathan,Malone,04/14/1984,***-**-9942,MN
117,Jonathan,Mendoza,12/30/1989,***-**-0262,MD
121,Jonathon,Brock,04/30/1980,***-**-9917,CO
269,Jonathon,Olson,07/08/1985,***-**-7767,SC
292,Jose,Gonzalez,06/01/1992,***-**-9797,MD
206,Jose,Spears,03/01/1976,***-**-2675,NH
102,Joseph,Adams,01/18/1979,***-**-7778,WI
157,Joseph,Carroll,05/09/1975,***-**-5984,ND
188,Joseph,Estrada,03/29/1984,***-**-2571,PA
14,Joseph,Fernandez,06/01/1978,***-**-4971,IL
538,Joseph,Martin,04/13/1992,***-**-5396,AR
479,Joseph,Martinez,10/05/1973,***-**-9409,NH
584,Joseph,Mitchell,05/18/1980,***-**-7441,VA
229,Joshua,Bailey,07/20/1986,***-**-4031,WV
549,Joshua,Hicks,01/07/1985,***-**-4786,KS
130,Joshua,Riley,11/08/1983,***-**-4874,IN
547,Joshua,Rush,08/05/1986,***-**-2710,GA
615,Joshua,Weaver,11/20/1982,***-**-7030,IA
484,Julia,Morgan,03/18/1976,***-**-1731,WI
361,Julia,Wright,09/04/1980,***-**-6702,CO
146,Julie,Castillo,02/16/1988,***-**-4523,AK
144,Julie,Nelson,08/08/1994,***-**-1332,SD
281,Julie,Price,01/20/1993,***-**-3599,PA
226,Julie,Robbins,11/23/1976,***-**-4571,IN
517,Justin,Morgan,03/17/1976,***-**-5133,MI
423,Karen,Lyons,06/09/1990,***-**-9081,OK
645,Karen,Malone,09/03/1985,***-**-5442,CO
435,Karla,Rosales,07/10/1983,***-**-1729,IL
371,Katherine,Bailey,03/04/1994,***-**-3545,WV
164,Katherine,Hensley,05/29/1991,***-**-7226,CT
418,Katherine,Lane,11/01/1986,***-**-6820,NH
187,Katherine,Rogers,05/13/1988,***-**-9500,ME
270,Katherine,Rose,01/19/1976,***-**-0446,MN
202,Katherine,Wright,05/10/1987,***-**-3109,AR
250,Kathleen,Klein,01/15/1990,***-**-3388,NM
282,Kathryn,Stout,08/24/1987,***-**-9637,IA
118,Kathy,Preston,03/06/1990,***-**-9960,LA
31,Katie,Garcia,03/22/1983,***-**-8462,AK
46,Kayla,Mitchell,10/13/1975,***-**-9155,WI
390,Kayla,Washington,10/08/1985,***-**-6218,CT
330,Kaylee,Clark,05/29/1992,***-**-0753,WI
263,Keith,Robinson,04/15/1978,***-**-3579,NC
353,Kelly,Castillo,04/13/1992,***-**-7622,WA
186,Kelly,Ferrell,01/21/1982,***-**-2299,NH
472,Kelly,Hopkins,10/08/1984,***-**-6875,HI
306,Kelly,Moran,07/14/1976,***-**-0670,NV
222,Kelly,Phillips,11/05/1987,***-**-1324,MI
336,Kelly,Sullivan,04/12/1988,***-**-7284,NV
349,Kenneth,Martin,08/24/1989,***-**-4681,MI
588,Kenneth,Sanchez,10/30/1980,***-**-8921,CA
308,Kevin,Beck,03/29/1981,***-**-7304,TN
513,Kevin,Foster,10/18/1985,***-**-5090,WI
82,Kevin,Garcia,11/25/1977,***-**-4722,NV
467,Kevin,Taylor,04/19/1979,***-**-2293,NH
191,Kimberly,Gallegos,08/05/1972,***-**-7563,OR
57,Kimberly,Harris,10/01/1988,***-**-5459,IA
208,Kimberly,Johnson,01/22/1992,***-**-4304,PA
641,Kimberly,Knapp,11/23/1992,***-**-1122,CO
28,Kimberly,Massey,01/01/1981,***-**-4649,MO
142,Kimberly,Shaw,06/11/1973,***-**-7577,MA
488,Kimberly,Velasquez,01/10/1989,***-**-4229,GA
632,Kirsten,Mcbride,09/10/1973,***-**-2372,IA
85,Kristen,Lopez,01/02/1978,***-**-8194,VA
454,Kristin,Grant,08/23/1980,***-**-9693,WV
544,Kristina,Summers,02/17/1989,***-**-3058,OR
365,Kristine,Little,07/10/1974,***-**-1771,SD
557,Kristine,Roberson,03/18/1981,***-**-0956,MN
54,Kristy,Diaz,03/26/1988,***-**-1032,IA
378,Kyle,Aguirre,10/24/1973,***-**-4469,NE
291,Kyle,Hoffman,12/25/1984,***-**-7692,MT
555,Kyle,Ramirez,05/30/1984,***-**-2839,WA
627,Latoya,Mitchell,03/15/1991,***-**-3607,ME
581,Laura,Glenn,10/20/1992,***-**-1468,TX
465,Laura,Kim,07/26/1974,***-**-3606,PA
377,Laura,Mercado,04/05/1974,***-**-9514,MI
414,Laura,Parker,12/05/1973,***-**-6879,CO
442,Lauren,Bennett,06/05/1985,***-**-4874,IA
625,Lawrence,Roach,04/03/1991,***-**-2080,KY
511,Lee,Weber,12/03/1988,***-**-9830,CA
612,Lee,Zamora,03/17/1979,***-**-3321,UT
422,Leon,Foster,09/19/1975,***-**-3153,SC
491,Leslie,Brown,06/15/1973,***-**-1806,NJ
529,Linda,Krause,12/22/1978,***-**-4382,SD
65,Lisa,Schmitt,04/23/1976,***-**-5980,TN
221,Lisa,Wilson,11/09/1993,***-**-6950,AZ
650,Logan,Smith,03/26/1990,***-**-0194,MN
145,Lori,Odonnell,10/22/1989,***-**-2415,KS
153,Lori,Tate,03/08/1977,***-**-9123,NM
94,Margaret,Barton,10/10/1975,***-**-0973,ID
114,Maria,Chapman,12/20/1973,***-**-7300,OK
43,Maria,Estrada,04/30/1990,***-**-8108,LA
341,Maria,Mcmillan,09/07/1973,***-**-3730,TX
394,Mark,Brown,04/02/1975,***-**-8531,CA
553,Mark,Chen,04/02/1989,***-**-3553,WY
347,Mark,Garrett,09/18/1985,***-**-4408,WY
105,Mark,Green,06/14/1977,***-**-6893,AZ
171,Mark,Mcdonald,06/27/1984,***-**-0101,MT
496,Mark,Mcmillan,07/08/1976,***-**-2503,MI
603,Mark,Murillo,09/22/1976,***-**-9915,MI
545,Mark,Saunders,08/23/1973,***-**-2640,VT
106,Mark,Smith,07/07/1979,***-**-5381,ND
275,Mark,White,09/09/1992,***-**-7830,ID
181,Martha,Gonzalez,01/17/1981,***-**-8342,KS
152,Mary,Baker,07/08/1979,***-**-0954,MI
592,Mary,Chavez,04/27/1990,***-**-2834,PA
122,Mary,Hernandez,01/29/1990,***-**-5268,NY
653,Mary,Hunter,11/01/1977,***-**-6623,TX
182,Mary,Lee,04/12/1982,***-**-7361,OH
259,Mary,Mitchell,01/20/1982,***-**-3602,TX
405,Mary,Robbins,12/01/1975,***-**-9514,FL
623,Mason,Rhodes,01/28/1977,***-**-4767,MD
219,Matthew,Fuller,04/27/1980,***-**-2989,MS
459,Matthew,Gibbs,06/12/1984,***-**-9698,ID
155,Matthew,Kane,11/17/1990,***-**-9385,PA
109,Matthew,Kramer,05/14/1988,***-**-4860,RI
534,Matthew,Martin,07/12/1993,***-**-7803,ID
565,Matthew,Miller,04/07/1979,***-**-3517,CO
621,Maurice,Gillespie,09/07/1984,***-**-8509,GA
596,Megan,Chavez,10/08/1991,***-**-7659,CT
536,Megan,Gray,10/12/1972,***-**-4006,NY
258,Megan,Robinson,03/24/1973,***-**-1601,WV
49,Meghan,Wilson,05/18/1988,***-**-4722,HI
103,Melinda,Parsons,02/07/1986,***-**-8751,NE
434,Melissa,Torres,03/22/1981,***-**-6921,NM
297,Melody,Nelson,01/23/1979,***-**-1931,VA
271,Michael,Adams,12/10/1986,***-**-3927,FL
79,Michael,Brown,01/13/1986,***-**-9682,OH
38,Michael,Chapman,03/13/1977,***-**-6874,OR
41,Michael,Dalton,03/08/1994,***-**-2101,WI
127,Michael,Donaldson,01/01/1995,***-**-7624,CA
578,Michael,Estrada,10/12/1994,***-**-2448,OH
530,Michael,Fowler,08/28/1990,***-**-3995,TN
628,Michael,Garcia,11/05/1980,***-**-4294,IL
99,Michael,Holden,07/23/1975,***-**-7951,IN
228,Michael,Hubbard,09/09/1978,***-**-8972,CT
502,Michael,Marshall,04/05/1990,***-**-5125,MI
69,Michael,Reynolds,10/30/1994,***-**-8507,CA
328,Michael,Robinson,10/22/1973,***-**-2355,IL
567,Michele,Hendricks,03/10/1990,***-**-7341,MS
380,Michelle,Ali,05/05/1993,***-**-3823,KS
21,Michelle,Brewer,06/10/1988,***-**-6836,OK
561,Michelle,Carr,06/22/1978,***-**-2759,CT
227,Michelle,Diaz,09/25/1993,***-**-4889,ID
595,Michelle,Dickerson,02/08/1984,***-**-2817,TN
15,Michelle,Huang,04/09/1983,***-**-8363,UT
546,Michelle,Jenkins,11/29/1977,***-**-8254,NE
369,Michelle,Larson,03/20/1980,***-**-3866,FL
478,Michelle,Peterson,06/25/1984,***-**-2154,MA
396,Michelle,Phillips,09/17/1988,***-**-2345,OK
27,Michelle,Reeves,11/23/1972,***-**-1066,PA
58,Michelle,Smith,07/08/1982,***-**-6834,NV
486,Mike,Duncan,12/15/1988,***-**-8115,MD
73,Miranda,Nguyen,08/12/1981,***-**-2585,ME
360,Mitchell,Meyer,08/31/1991,***-**-7666,RI
136,Morgan,Dunn,07/13/1980,***-**-1601,AZ
55,Morgan,Parker,01/30/1986,***-**-4320,TN
564,Nancy,Mitchell,02/02/1988,***-**-9365,GA
619,Nancy,Nguyen,07/05/1976,***-**-3939,VA
533,Nathan,Moore,11/19/1978,***-**-7469,ME
51,Nicholas,Brown,09/18/1988,***-**-2869,SC
33,Nicholas,Martinez,04/05/1979,***-**-1689,LA
527,Nicole,Conrad,06/02/1985,***-**-6985,SD
654,Nicole,English,04/30/1977,***-**-9164,HI
331,Nicole,Perez,09/28/1982,***-**-1455,MT
299,Noah,White,04/30/1977,***-**-0897,SC
321,Paige,Spencer,09/02/1991,***-**-8621,NY
310,Pamela,Archer,10/25/1987,***-**-2625,WV
218,Pamela,Hodges,02/19/1989,***-**-1423,UT
249,Pamela,Lyons,09/27/1972,***-**-3318,AR
420,Pamela,Moore,02/20/1980,***-**-9532,NJ
24,Pamela,Robinson,02/21/1981,***-**-4275,NM
113,Patricia,Cruz,04/22/1976,***-**-3822,IN
609,Patricia,Fletcher,06/30/1979,***-**-2311,RI
402,Patricia,Sharp,07/13/1987,***-**-0306,MD
444,Patrick,Barber,07/21/1991,***-**-9891,NY
115,Patrick,Taylor,07/29/1991,***-**-5595,MO
618,Patrick,Wells,08/03/1979,***-**-3209,MS
108,Paul,Adams,04/19/1992,***-**-5765,WV
257,Paul,Evans,06/25/1977,***-**-4302,MN
490,Paul,Meyers,03/13/1989,***-**-1680,HI
45,Paul,Murphy,07/18/1975,***-**-9454,NJ
111,Paul,Rogers,01/10/1992,***-**-6284,MT
265,Paul,Wilson,06/19/1993,***-**-9871,IA
97,Paula,Edwards,08/10/1988,***-**-0638,KS
468,Paula,Hernandez,10/12/1975,***-**-2951,CA
128,Peter,Miles,10/26/1976,***-**-3367,WA
112,Rachael,Holmes,07/30/1973,***-**-2067,GA
240,Rachel,Cook,03/03/1982,***-**-9042,NM
410,Rachel,Lyons,08/29/1972,***-**-0900,ME
593,Rachel,Valdez,05/21/1985,***-**-0852,UT
124,Ralph,Martinez,02/26/1980,***-**-4024,WA
34,Ralph,Wells,10/19/1988,***-**-4237,KS
386,Randy,Dorsey,05/09/1974,***-**-0360,MO
19,Rebecca,Hammond,02/21/1972,***-**-2706,LA
201,Rebecca,James,12/04/1980,***-**-1514,MA
421,Rebecca,Marshall,05/06/1974,***-**-1020,PA
116,Rebecca,Wilson,06/08/1980,***-**-6629,MI
325,Renee,Evans,03/14/1991,***-**-2708,MT
193,Rhonda,Gonzales,06/07/1976,***-**-4110,ID
61,Rhonda,Young,06/03/1979,***-**-2336,NE
50,Richard,Turner,12/24/1982,***-**-9924,TN
600,Rick,Johns,07/30/1984,***-**-7121,NV
84,Robert,Campbell,02/27/1973,***-**-9581,SD
540,Robert,Campbell,01/17/1987,***-**-3694,DE
294,Robert,Edwards,04/07/1980,***-**-5215,GA
212,Robert,Ellison,07/16/1979,***-**-9579,NE
74,Robert,Freeman,01/01/1984,***-**-5211,AR
409,Robert,Lin,11/12/1975,***-**-0121,AZ
320,Robert,Smith,04/14/1994,***-**-0748,MS
151,Robert,Smith,01/12/1987,***-**-2300,ID
7,Roberto,Schmidt,02/07/1994,***-**-1763,AL
556,Robin,Carroll,10/14/1972,***-**-7194,CA
441,Robin,Oconnor,02/27/1978,***-**-0782,NH
154,Robin,Silva,07/14/1987,***-**-0453,AK
214,Rodney,Cook,12/15/1994,***-**-6232,RI
605,Rodney,Smith,05/08/1975,***-**-3105,NH
307,Roger,Wright,03/04/1974,***-**-3080,MO
647,Ronald,Gilbert,05/26/1974,***-**-4448,WY
26,Ronald,Hays,12/21/1993,***-**-6430,TX
554,Ronald,Huerta,12/13/1973,***-**-6058,OK
277,Ronald,Johnson,09/19/1973,***-**-8871,DE
508,Roy,Johnson,03/30/1984,***-**-6344,AK
520,Ryan,Russell,01/06/1975,***-**-3828,HI
247,Ryan,Snyder,07/14/1982,***-**-9330,MA
573,Samantha,Farley,07/10/1977,***-**-2351,WA
324,Samantha,Ramirez,08/11/1981,***-**-7086,MD
550,Samantha,Thompson,06/04/1976,***-**-9230,NY
236,Samuel,May,03/30/1988,***-**-0970,NJ
288,Sandra,Griffin,11/13/1988,***-**-6533,NV
406,Sandra,Sanders,10/06/1980,***-**-1673,RI
602,Sandra,Suarez,09/20/1980,***-**-9548,GA
196,Sara,Curry,06/05/1984,***-**-1678,ID
582,Sara,Smith,01/02/1983,***-**-9188,TN
59,Sara,Walker,08/16/1985,***-**-5423,NE
636,Sarah,Brooks,06/27/1991,***-**-6948,AR
398,Sarah,Hamilton,07/20/1976,***-**-3104,ND
9,Sarah,Harper,07/27/1993,***-**-5891,AK
273,Sarah,Hayes,11/20/1984,***-**-8195,CT
337,Savannah,Saunders,05/12/1984,***-**-2473,IA
36,Scott,Brooks,02/24/1972,***-**-4958,NY
583,Scott,Ellison,03/31/1977,***-**-8653,NH
455,Scott,Miller,09/27/1991,***-**-3580,WY
197,Scott,Warren,06/24/1985,***-**-3723,OH
634,Sean,Calhoun,07/31/1978,***-**-2261,SD
276,Sean,Gonzales,08/11/1981,***-**-8838,MO
295,Shannon,Kramer,05/04/1980,***-**-7615,SC
156,Shannon,Vaughn,12/27/1992,***-**-2444,AR
178,Shaun,Martinez,12/11/1982,***-**-5793,NC
570,Shawn,Edwards,01/19/1978,***-**-4865,LA
53,Shawn,Murray,10/30/1990,***-**-5217,MS
44,Sheri,Ball,08/04/1991,***-**-7548,AZ
487,Sheri,Long,06/06/1978,***-**-5166,OH
304,Sheri,Villegas,02/13/1985,***-**-8629,OR
559,Sherry,Henderson,02/15/1991,***-**-3768,FL
248,Sherry,Love,03/24/1975,***-**-8685,OR
107,Shirley,Andrews,12/07/1981,***-**-5306,OH
345,Stacy,Brooks,06/17/1991,***-**-4661,SC
267,Stacy,Cox,11/08/1976,***-**-0990,AL
78,Stacy,Robertson,09/24/1974,***-**-0248,WY
580,Stephanie,Goodwin,02/25/1986,***-**-5702,NC
194,Stephanie,Ho,04/25/1983,***-**-3656,KS
461,Stephanie,Mendoza,03/22/1977,***-**-8308,VT
286,Stephanie,Smith,04/26/1978,***-**-1286,NH
352,Stephen,Bryant,05/15/1991,***-**-6488,SD
135,Stephen,Hensley,09/30/1978,***-**-5372,GA
76,Steve,Daniels,09/14/1980,***-**-3537,CO
594,Steven,Nelson,04/14/1989,***-**-2085,VT
475,Steven,Ritter,02/11/1986,***-**-8004,OH
482,Susan,Kennedy,12/19/1988,***-**-4558,ME
210,Susan,Stewart,04/23/1989,***-**-2712,GA
630,Susan,Thompson,05/17/1985,***-**-6074,TN
415,Suzanne,Wheeler,05/19/1985,***-**-2982,WI
148,Sydney,Floyd,03/31/1981,***-**-0722,CT
440,Tamara,White,05/20/1980,***-**-6614,FL
642,Tamara,Whitney,09/21/1975,***-**-9208,MO
471,Tammy,Salinas,12/29/1980,***-**-3850,NC
403,Taylor,Boyle,09/26/1979,***-**-9756,MD
318,Teresa,Watkins,07/27/1972,***-**-5707,NY
56,Theresa,Barnes,09/28/1976,***-**-2054,CT
290,Theresa,Brown,02/20/1993,***-**-3478,MN
163,Theresa,Fletcher,10/22/1992,***-**-0535,VA
518,Thomas,Cooper,08/17/1972,***-**-9890,CO
268,Thomas,Jensen,02/23/1991,***-**-3430,OH
412,Thomas,Patterson,05/06/1977,***-**-4561,VA
133,Thomas,Stone,03/29/1973,***-**-8227,DE
165,Thomas,Wood,08/21/1979,***-**-8269,TN
447,Tiffany,Harris,01/12/1983,***-**-9733,WV
52,Timothy,Chandler,03/26/1978,***-**-3897,NM
93,Timothy,Mendoza,06/09/1980,***-**-2367,NM
514,Timothy,Morris,06/16/1981,***-**-2962,WY
283,Timothy,Suarez,01/12/1977,***-**-3073,WI
66,Tina,Williams,11/04/1987,***-**-7775,OR
162,Todd,Duran,01/14/1976,***-**-1832,KY
382,Tonya,Chavez,04/17/1984,***-**-5703,MT
239,Tonya,Martinez,09/04/1972,***-**-7702,IA
302,Tracey,Meadows,01/12/1988,***-**-6175,RI
40,Tracy,Gonzalez,11/01/1983,***-**-4059,WY
357,Tracy,Holt,10/20/1988,***-**-1413,AK
231,Tracy,Martin,05/03/1975,***-**-0726,AK
591,Travis,Hansen,07/28/1981,***-**-6746,DE
576,Travis,Little,05/14/1992,***-**-6995,WY
367,Tricia,Smith,01/24/1992,***-**-7866,CA
504,Troy,Booth,12/27/1990,***-**-5141,TN
333,Troy,Sanchez,11/15/1990,***-**-2052,OK
246,Tyler,Beck,10/20/1986,***-**-1385,HI
510,Tyler,Brewer,06/28/1972,***-**-9006,HI
370,Valerie,Lopez,04/10/1983,***-**-0441,AL
649,Victor,Lopez,10/26/1987,***-**-3964,NV
359,Victoria,Moon,01/06/1976,***-**-8604,AZ
68,Victoria,Potter,03/25/1988,***-**-4290,UT
375,Vincent,Watson,12/15/1974,***-**-8997,RI
319,Virginia,Wise,02/18/1982,***-**-8887,OR
8,Wayne,Mercer,09/21/1989,***-**-7254,MA
305,Wendy,Hendrix,08/19/1983,***-**-6634,WY
179,William,Boyle,01/30/1988,***-**-0490,AR
374,William,Peters,03/20/1986,***-**-7516,KY
147,William,Rivera,03/08/1975,***-**-7032,SD
90,William,Small,08/05/1990,***-**-0642,CO
220,William,Smith,06/04/1990,***-**-0654,AR
644,William,Watts,10/12/1989,***-**-6883,MN
492,Wyatt,Rivers,02/07/1984,***-**-5135,KY
100,Yvette,Rodriguez,09/11/1985,***-**-8123,OR
